Workbook
Name Sales_Summary: summary_sales_promo[]
Name Sales_Summary_Promo: summary_sales_promo[]

Sheet Sales
A5: Summary by Promo
A7: Category | B7: Promo Name | C7: End of Period Promotion | D7: Total Count | E7: Total Claim | F7: NOC | G7: Conversion Rate (Count/NOC) | H7: Conversion Rate (Claim/Count) | I7: Sales Amount | J7: Net Sales (by Category) | K7: Contribution Sales
A8: 11 | B8: HALAMAN PRODUK SPONSOR | C8: January 2026 | D8: 23 | E8: 10 | F8: 242490 | G8: =D8/F8 -> 9.4849272e-05 | H8: =E8/D8 -> 0.43478261 | I8: 18089850 | J8: 80730444700 | K8: =I8/J8 -> 0.00022407718
A9: 14 | B9: PB HOMECARE FAIR | C9: January 2026 | D9: 5654 | E9: 1915 | F9: 242490 | G9: =D9/F9 -> 0.023316425 | H9: =E9/D9 -> 0.33869827 | I9: 1760325420 | J9: 40121545420 | K9: =I9/J9 -> 0.043874816
A10: 14 | B10: SOS FAIR | C10: January 2026 | D10: 1015 | E10: 370 | F10: 242490 | G10: =D10/F10 -> 0.0041857396 | H10: =E10/D10 -> 0.36453202 | I10: 351177110 | J10: 40121545420 | K10: =I10/J10 -> 0.0087528311
A11: 14 | B11: WINGS HOMECARE FAIR | C11: January 2026 | D11: 8614 | E11: 3606 | F11: 242490 | G11: =D11/F11 -> 0.035523114 | H11: =E11/D11 -> 0.41862085 | I11: 4717229608 | J11: 40121545420 | K11: =I11/J11 -> 0.11757348
A12: 14 | B12: GBH FAIR | C12: January 2026 | D12: 2088 | E12: 1180 | F12: 242490 | G12: =D12/F12 -> 0.0086106644 | H12: =E12/D12 -> 0.5651341 | I12: 1267196369 | J12: 40121545420 | K12: =I12/J12 -> 0.031583937
A13: 14 | B13: NICE FAIR | C13: January 2026 | D13: 740 | E13: 251 | F13: 242490 | G13: =D13/F13 -> 0.0030516722 | H13: =E13/D13 -> 0.33918919 | I13: 184498780 | J13: 40121545420 | K13: =I13/J13 -> 0.0045984963
A14: 14 | B14: SWALLOW FAIR | C14: January 2026 | D14: 5807 | E14: 2010 | F14: 242490 | G14: =D14/F14 -> 0.023947379 | H14: =E14/D14 -> 0.34613398 | I14: 1238300490 | J14: 40121545420 | K14: =I14/J14 -> 0.030863729
A15: 17 | B15: PROMO SPESIAL INDOMIE GORENG | C15: January 2026 | D15: 826 | E15: 619 | F15: 242490 | G15: =D15/F15 -> 0.003406326 | H15: =E15/D15 -> 0.74939467 | I15: 715358780 | J15: 268274639435 | K15: =I15/J15 -> 0.0026665166
A16: 17 | B16: PROMO SPESIAL INDOMIE SOTO & AYAM BAWANG | C16: January 2026 | D16: 703 | E16: 427 | F16: 242490 | G16: =D16/F16 -> 0.0028990886 | H16: =E16/D16 -> 0.60739687 | I16: 752054975 | J16: 268274639435 | K16: =I16/J16 -> 0.0028033025
A17: 17 | B17: PROMO SPESIAL SEDAAP GRG | C17: January 2026 | D17: 1035 | E17: 858 | F17: 242490 | G17: =D17/F17 -> 0.0042682172 | H17: =E17/D17 -> 0.82898551 | I17: 875264046 | J17: 268274639435 | K17: =I17/J17 -> 0.0032625672
A18: 17 | B18: PROMO SPESIAL SEDAAP SOTO | C18: January 2026 | D18: 187 | E18: 156 | F18: 242490 | G18: =D18/F18 -> 0.00077116582 | H18: =E18/D18 -> 0.8342246 | I18: 422143245 | J18: 268274639435 | K18: =I18/J18 -> 0.0015735488
A19: 19 | B19: PROMO MARINA FAIR | C19: January 2026 | D19: 110 | E19: 0 | F19: 242490 | G19: =D19/F19 -> 0.00045362695 | H19: =E19/D19 -> 0 | I19: 9331100 | J19: 13332983321 | K19: =I19/J19 -> 0.00069985087
... A22: 27 | B22: PROMO ARTABOGA FAIR 23 | C22: January 2026 | D22: 1066 | E22: 520 | F22: 242490 | G22: =D22/F22 -> 0.0043960576 | H22: =E22/D22 -> 0.48780488 | I22: 186550950 | J22: 73522238808 | K22: =I22/J22 -> 0.0025373404
A25: Summary by Category
A27: Category | B27: End of Periode Promotion | C27: Total Count | D27: Total Claim | E27: NOC | F27: Conversion Rate (Claim/Count) | G27: Conversion Rate (Count/NOC) | H27: Sales Amount | I27: Net Sales (by Category) | J27: Contribution Sales
A28: 11 | B28: January 2026 | C28: 23 | D28: 10 | E28: 242490 | F28: =Sales!$D28/Sales!$C28 -> 0.43478261 | G28: 9.4849272e-05 | H28: 18089850 | I28: 80730444700 | J28: =summary_sales_category[[#This Row],[Sales Amount]]/summary_sales_category[[#This Row],[Net Sales (by Category)]] -> 0.00022407718
A29: 14 | B29: January 2026 | C29: 23918 | D29: 9332 | E29: 242490 | F29: =Sales!$D29/Sales!$C29 -> 0.3901664 | G29: 0.063111881 | H29: 9518727777 | I29: 40121545420 | J29: =summary_sales_category[[#This Row],[Sales Amount]]/summary_sales_category[[#This Row],[Net Sales (by Category)]] -> 0.23724729
A30: 17 | B30: January 2026 | C30: 2751 | D30: 2060 | E30: 242490 | F30: =Sales!$D30/Sales!$C30 -> 0.74881861 | G30: 0.011344798 | H30: 2764821046 | I30: 268274639435 | J30: =summary_sales_category[[#This Row],[Sales Amount]]/summary_sales_category[[#This Row],[Net Sales (by Category)]] -> 0.010305935
A31: 19 | B31: January 2026 | C31: 4020 | D31: 790 | E31: 242490 | F31: =Sales!$D31/Sales!$C31 -> 0.19651741 | G31: 0.016578003 | H31: 538134280 | I31: 13332983321 | J31: =summary_sales_category[[#This Row],[Sales Amount]]/summary_sales_category[[#This Row],[Net Sales (by Category)]] -> 0.040361131
A32: 26 | B32: January 2026 | C32: 1998 | D32: 543 | E32: 242490 | F32: =Sales!$D32/Sales!$C32 -> 0.27177177 | G32: 0.008239515 | H32: 1931281685 | I32: 96545634995 | J32: =summary_sales_category[[#This Row],[Sales Amount]]/summary_sales_category[[#This Row],[Net Sales (by Category)]] -> 0.020003822
A33: 27 | B33: January 2026 | C33: 1066 | D33: 520 | E33: 242490 | F33: =Sales!$D33/Sales!$C33 -> 0.48780488 | G33: 0.0043960576 | H33: 186550950 | I33: 73522238808 | J33: =summary_sales_category[[#This Row],[Sales Amount]]/summary_sales_category[[#This Row],[Net Sales (by Category)]] -> 0.0025373404

Sheet Visualisasi Sales

Sheet Qty
A5: Summary by Promo
A7: Category | B7: Promo Name | C7: End of Period Promotion | D7: Total Count | E7: Total Claim | F7: NOC | G7: Conversion Rate(Claim/Count) | H7: Conversion Rate(Count/NOC)
A8: 17 | B8: PROMO SARIMI ISI 2 | C8: January 2026 | D8: 57 | E8: 20 | F8: 242490 | G8: =E8/D8 -> 0.35087719 | H8: =D8/F8 -> 0.00023506124
A9: 17 | B9: PROMO SPESIAL SUPERMI & SARIMI | C9: January 2026 | D9: 171 | E9: 60 | F9: 242490 | G9: =E9/D9 -> 0.35087719 | H9: =D9/F9 -> 0.00070518372
A10: 21 | B10: MAGGI SAUS TIRAM SCHT | C10: January 2026 | D10: 5 | E10: 0 | F10: 242490 | G10: =E10/D10 -> 0 | H10: =D10/F10 -> 2.0619407e-05
A11: 21 | B11: PROMO AJINOMOTO TERASI UDANG BUBUK | C11: January 2026 | D11: 105 | E11: 32 | F11: 242490 | G11: =E11/D11 -> 0.3047619 | H11: =D11/F11 -> 0.00043300755
A12: 21 | B12: PROMO KVI MASAKO AYAM/SAPI CAL RENCENG | C12: January 2026 | D12: 230 | E12: 127 | F12: 242490 | G12: =E12/D12 -> 0.55217391 | H12: =D12/F12 -> 0.00094849272
A13: 21 | B13: PROMO MASAKO AYAM/SAPI CALENDAR BANJARMASIN | C13: January 2026 | D13: 170 | E13: 162 | F13: 242490 | G13: =E13/D13 -> 0.95294118 | H13: =D13/F13 -> 0.00070105984
A14: 21 | B14: PROMO SAJIKU RENCENG (PULAU JAWA) | C14: January 2026 | D14: 51 | E14: 15 | F14: 242490 | G14: =E14/D14 -> 0.29411765 | H14: =D14/F14 -> 0.00021031795
A15: 26 | B15: PROMO LUWAK WHITE KOFFIE RCG 10X20G | C15: January 2026 | D15: 41 | E15: 40 | F15: 242490 | G15: =E15/D15 -> 0.97560976 | H15: =D15/F15 -> 0.00016907914
A16: 27 | B16: PROMO POCARI SWEAT PET 350ML | C16: January 2026 | D16: 119 | E16: 39 | F16: 242490 | G16: =E16/D16 -> 0.32773109 | H16: =D16/F16 -> 0.00049074189
A19: Summary by Category
A21: Category | B21: End of Period Promotion | C21: Total Count | D21: Total Claim | E21: NOC | F21: Conversion Rate(Claim/Count) | G21: Conversion Rate(Count/NOC)
A22: 17 | B22: January 2026 | C22: 228 | D22: 80 | E22: 242490 | F22: =summary_qty_category[[#This Row],[Total Claim]]/summary_qty_category[[#This Row],[Total Count]] -> 0.35087719 | G22: =summary_qty_category[[#This Row],[Total Count]]/summary_qty_category[[#This Row],[NOC]] -> 0.00094024496
A23: 21 | B23: January 2026 | C23: 561 | D23: 336 | E23: 242490 | F23: =summary_qty_category[[#This Row],[Total Claim]]/summary_qty_category[[#This Row],[Total Count]] -> 0.59893048 | G23: =summary_qty_category[[#This Row],[Total Count]]/summary_qty_category[[#This Row],[NOC]] -> 0.0023134975
A24: 26 | B24: January 2026 | C24: 41 | D24: 40 | E24: 242490 | F24: =summary_qty_category[[#This Row],[Total Claim]]/summary_qty_category[[#This Row],[Total Count]] -> 0.97560976 | G24: =summary_qty_category[[#This Row],[Total Count]]/summary_qty_category[[#This Row],[NOC]] -> 0.00016907914
A25: 27 | B25: January 2026 | C25: 119 | D25: 39 | E25: 242490 | F25: =summary_qty_category[[#This Row],[Total Claim]]/summary_qty_category[[#This Row],[Total Count]] -> 0.32773109 | G25: =summary_qty_category[[#This Row],[Total Count]]/summary_qty_category[[#This Row],[NOC]] -> 0.00049074189

Sheet Visualisasi Qty
